fecha,hora,cod_producto,transaccion,cantidad
2020-02-11,18:47:24,04739,devolucion,82
2020-04-14,20:10:47,31508,venta,70
2020-01-06,22:25:57,11113,venta,35
2020-04-17,02:12:51,35332,venta,11
2020-03-18,20:15:42,79984,venta,70
2020-04-18,09:04:55,45046,venta,76
2020-01-10,24:45:16,55473,devolucion,65
2020-06-03,02:19:53,97533,venta,13
2020-01-06,07:43:56,66454,devolucion,93
2020-05-18,22:36:10,67249,devolucion,90
2020-01-23,12:31:44,42827,devolucion,91
2020-05-18,03:21:05,37741,venta,10
2020-04-01,13:04:12,53207,venta,75
2020-06-14,00:05:21,56271,venta,90
2020-05-05,02:42:40,19850,devolucion,93
2020-04-20,08:45:42,17537,venta,26
2020-05-04,17:33:31,82060,devolucion,93
2020-05-12,08:15:51,84298,devolucion,50
2020-03-11,04:10:09,88327,venta,41
2020-01-19,13:18:08,89366,devolucion,97
2020-03-11,04:27:34,98993,devolucion,50
2020-03-16,01:36:52,28801,venta,71
2020-03-07,16:45:08,73790,venta,7
2020-05-04,05:10:15,05271,venta,16
2020-03-09,05:49:52,01029,venta,47
2020-01-30,09:05:24,87580,devolucion,12
2020-03-15,24:42:23,99159,devolucion,1
2020-01-12,05:28:59,03252,devolucion,20
2020-05-23,23:22:03,19867,devolucion,45
2020-05-11,20:53:35,80951,venta,77
2020-01-14,16:33:47,37290,devolucion,84
2020-04-05,17:29:25,37669,venta,40
2020-02-10,01:14:47,97378,venta,50
2020-04-07,13:29:25,56507,devolucion,11
2020-06-13,18:37:06,95846,venta,65
2020-02-14,22:35:44,07571,venta,57
2020-04-14,08:44:07,40993,venta,44
2020-03-18,10:57:43,75144,venta,85
2020-03-04,09:57:44,73315,devolucion,57
2020-01-21,23:26:45,11809,devolucion,17
2020-04-17,00:10:51,36588,venta,33
2020-03-12,06:30:41,40595,venta,80
2020-02-17,24:41:02,68421,venta,53
2020-01-07,13:16:50,61566,devolucion,79
2020-06-06,21:19:19,60685,devolucion,45
2020-06-01,06:49:18,67023,devolucion,18
2020-04-07,12:42:55,04376,venta,36
2020-02-13,15:39:03,42468,venta,10
2020-06-03,10:05:06,50046,devolucion,41
2020-02-25,20:16:38,62041,venta,9
2020-02-26,13:51:10,49677,venta,87
2020-03-27,00:29:34,45686,venta,25
2020-02-25,08:01:35,45903,venta,9
2020-03-05,15:32:39,23343,devolucion,1
2020-06-03,03:06:00,41852,venta,68
2020-03-02,01:33:17,90782,venta,78
2020-02-11,05:20:22,93124,devolucion,45
2020-01-08,18:45:23,46011,devolucion,13
2020-05-10,12:33:13,72638,devolucion,12
2020-01-16,10:14:27,51413,venta,38
2020-04-01,04:29:48,09378,devolucion,13
2020-02-29,06:33:26,01385,devolucion,91
2020-05-07,24:04:32,88594,venta,35
2020-05-30,00:03:24,51664,venta,63
2020-02-17,17:25:23,52107,devolucion,47
2020-03-12,04:43:53,96811,venta,68
2020-04-24,01:19:20,18267,devolucion,91
2020-05-08,17:43:11,65588,venta,30
2020-05-16,14:06:30,61335,venta,99
2020-05-05,15:26:50,93648,venta,60
2020-06-07,13:19:54,06527,devolucion,20
2020-05-22,21:24:01,41333,venta,2
2020-01-15,24:56:35,45616,devolucion,14
2020-02-18,02:32:23,08781,devolucion,71
2020-01-04,00:52:17,78334,venta,67
2020-02-28,24:29:42,67983,venta,1
2020-02-07,01:58:40,27447,devolucion,50
2020-01-15,20:02:26,66167,venta,86
2020-03-24,11:33:08,10860,venta,16
2020-05-29,02:34:24,05598,venta,68
2020-04-30,07:03:41,61193,devolucion,36
2020-05-29,07:28:27,86471,venta,85
2020-01-11,23:57:29,20902,venta,50
2020-05-17,09:37:14,68773,devolucion,92
2020-01-17,14:52:02,53079,devolucion,19
2020-03-01,00:11:10,21359,venta,37
2020-03-22,20:04:04,86916,venta,4
2020-04-23,07:30:49,74329,venta,92
2020-04-08,23:53:47,19435,venta,35
2020-01-13,08:25:01,86270,devolucion,11
2020-04-02,19:42:24,56348,venta,52
2020-01-28,24:25:28,82821,venta,55
2020-04-23,11:26:35,77337,venta,10
2020-05-03,06:14:20,11768,devolucion,88
2020-06-06,24:48:36,34644,devolucion,42
2020-02-08,06:32:55,92443,devolucion,17
2020-03-01,01:02:57,09055,devolucion,14
2020-02-22,22:46:48,17840,venta,76
2020-03-15,24:08:05,10659,venta,3
2020-03-20,07:32:01,03957,devolucion,48
2020-01-08,09:33:44,45205,devolucion,44
2020-01-31,12:16:36,92103,devolucion,80
2020-06-16,07:34:36,41995,devolucion,54
2020-02-20,18:12:12,03935,venta,68
2020-01-09,05:41:50,89160,devolucion,72
2020-06-12,10:08:13,29763,devolucion,95
2020-01-03,12:26:15,91862,venta,37
2020-05-17,08:52:23,51318,venta,97
2020-05-08,24:41:41,77952,venta,51
2020-01-27,03:21:02,77405,devolucion,43
2020-05-03,09:17:36,97222,venta,65
2020-06-01,11:04:13,95868,venta,37
2020-02-18,22:22:50,71009,venta,2
2020-01-28,24:14:58,96738,devolucion,52
2020-04-06,02:52:25,58754,devolucion,64
2020-05-04,04:31:08,54153,venta,54
2020-04-17,16:53:28,79166,venta,40
2020-05-04,02:19:13,52045,devolucion,14
2020-03-04,06:37:29,02658,venta,56
2020-06-14,16:27:05,84973,venta,54
2020-05-19,03:25:43,54843,devolucion,74
2020-03-23,12:14:28,77208,devolucion,52
2020-03-20,08:40:56,40510,venta,76
2020-02-25,02:10:32,94187,venta,80
2020-02-06,05:40:38,69244,venta,9
2020-01-16,04:13:39,78760,devolucion,31
2020-05-11,14:42:19,40100,venta,53
2020-02-19,15:23:13,15419,devolucion,85
2020-06-10,11:39:05,69693,devolucion,85
2020-02-07,16:13:07,16254,devolucion,1
2020-03-18,20:43:53,15956,devolucion,22
2020-01-24,02:03:10,03799,devolucion,77
2020-01-08,02:55:38,77786,devolucion,64
2020-03-23,21:46:08,39822,venta,65
2020-01-11,00:01:43,26940,devolucion,37
2020-02-12,10:20:00,76509,devolucion,96
2020-05-01,21:46:40,04133,devolucion,24
2020-04-01,12:54:13,36347,devolucion,71
2020-03-02,04:09:37,10198,devolucion,95
2020-01-21,11:38:13,35697,devolucion,31
2020-01-17,05:35:06,37190,devolucion,40
2020-06-05,11:15:44,10460,venta,74
2020-05-28,14:49:27,07632,devolucion,86
2020-02-25,16:25:45,13932,venta,92
2020-04-09,11:39:25,99866,venta,83
2020-05-21,17:29:33,80596,devolucion,80
2020-05-18,09:27:31,50341,devolucion,91
2020-01-04,23:20:18,04530,venta,89
2020-01-10,21:18:34,62910,devolucion,50
2020-04-09,08:52:38,99341,venta,71
2020-05-09,04:43:08,74113,venta,61
2020-03-05,04:43:07,70658,venta,43
2020-06-12,10:31:08,80237,venta,27
2020-02-21,08:35:31,69979,venta,8
2020-03-18,13:59:00,25753,devolucion,2
2020-02-09,07:55:09,95217,devolucion,44
2020-06-13,13:31:27,69559,venta,73
2020-02-10,23:59:32,13181,devolucion,78
2020-04-09,13:40:11,48117,devolucion,87
2020-02-08,16:39:36,20821,venta,73
2020-02-15,23:17:25,22489,devolucion,16
2020-02-16,12:11:07,95119,venta,10
2020-03-10,18:39:08,48735,devolucion,58
2020-02-23,17:45:52,21396,venta,9
2020-04-03,04:30:40,61600,devolucion,42
2020-03-24,02:17:39,86715,devolucion,88
2020-03-16,09:33:43,27300,venta,33
2020-05-24,15:16:20,28344,venta,75
2020-04-15,12:08:46,69215,venta,32
2020-03-19,03:29:06,79458,venta,86
2020-01-21,09:54:43,84824,venta,73
2020-04-19,09:31:24,53660,devolucion,71
2020-05-05,06:47:26,22434,devolucion,60
2020-02-16,08:57:15,28684,devolucion,48
2020-03-10,08:14:45,05207,devolucion,75
2020-03-08,22:21:29,00693,venta,64
2020-04-03,24:18:06,86061,venta,44
2020-06-06,10:43:35,03755,devolucion,34
2020-05-17,06:58:05,06732,devolucion,70
2020-06-09,05:08:52,29676,venta,96
2020-03-21,09:22:27,36562,venta,6
2020-04-18,11:25:38,26633,venta,70
2020-06-16,00:50:00,23188,venta,88
2020-05-03,12:50:35,16576,venta,74
2020-01-20,16:19:04,51404,venta,68
2020-03-02,19:55:55,00634,devolucion,62
2020-01-11,08:35:27,53555,venta,66
2020-05-02,08:22:21,04361,devolucion,93
2020-03-22,14:32:57,25419,venta,98
2020-05-03,00:50:58,80727,devolucion,45
2020-06-11,05:05:50,86656,devolucion,21
2020-05-04,01:15:56,87133,devolucion,7
2020-03-10,10:11:13,17612,venta,92
2020-02-28,17:08:46,01894,venta,24
2020-05-29,21:28:40,24792,venta,40
2020-03-05,11:36:43,42779,devolucion,82
2020-04-25,21:11:24,59899,devolucion,7
2020-05-19,19:45:04,62120,venta,6
2020-04-03,07:13:09,69257,devolucion,54
2020-06-11,07:45:35,33650,venta,29
2020-06-09,17:31:54,63704,devolucion,4
2020-01-07,10:30:15,70328,devolucion,26
2020-02-02,06:47:21,21867,venta,20
2020-02-28,10:25:31,98884,venta,72
2020-03-15,10:54:50,77411,venta,54
2020-05-17,04:28:59,21103,devolucion,9
2020-01-17,19:24:05,31366,devolucion,77
2020-02-17,22:57:13,18330,devolucion,71
2020-02-11,03:00:15,07817,venta,82
2020-05-07,21:00:37,30154,venta,72
2020-05-02,23:34:50,55170,venta,92
2020-06-14,01:39:28,54924,devolucion,24
2020-01-15,19:46:21,67020,venta,75
2020-04-01,13:16:41,01717,venta,34
2020-01-07,18:38:13,07216,venta,93
2020-01-27,08:13:50,64668,devolucion,29
2020-03-13,16:07:44,91769,venta,47
2020-02-05,18:14:05,76678,devolucion,39
2020-03-04,24:30:00,78817,devolucion,100
2020-02-26,09:13:08,70435,venta,28
2020-02-10,19:36:29,80964,venta,90
2020-03-15,17:57:32,67860,devolucion,16
2020-06-15,04:29:48,67336,venta,19
2020-03-31,04:16:54,01913,devolucion,23
2020-05-29,00:46:42,78778,venta,51
2020-02-23,12:37:32,53756,devolucion,93
2020-01-03,20:00:01,43601,venta,76
2020-05-26,01:18:51,65545,devolucion,42
2020-03-11,18:12:35,97975,devolucion,50
2020-05-14,06:05:10,03258,venta,37
2020-02-29,17:32:03,99950,venta,16
2020-01-16,22:46:14,94660,venta,96
2020-01-22,23:25:33,68082,devolucion,11
2020-01-03,18:33:31,92230,devolucion,51
2020-01-07,09:06:24,14256,devolucion,45
2020-01-21,08:59:00,39282,venta,81
2020-06-06,14:46:34,20158,venta,57
2020-04-15,02:39:35,91280,venta,80
2020-04-26,18:43:45,02197,devolucion,8
2020-06-03,23:24:47,13038,devolucion,16
2020-05-18,08:36:13,34733,venta,19
2020-03-03,19:30:57,45246,venta,97
2020-01-15,01:09:06,29562,devolucion,4
2020-04-20,14:39:43,61838,venta,100
2020-03-15,19:15:50,38171,devolucion,57
2020-01-08,22:42:02,99831,devolucion,61
2020-05-30,10:57:03,15275,venta,88
2020-03-26,06:05:14,41877,devolucion,11
2020-02-28,03:20:29,83281,venta,3
2020-05-29,21:00:36,75378,venta,90
2020-02-15,03:43:27,68802,venta,85
2020-05-17,12:40:54,48259,venta,56
2020-03-06,13:24:27,47877,devolucion,1
2020-01-20,15:26:59,11491,devolucion,84
2020-02-26,15:08:59,80074,venta,40
2020-04-24,10:05:26,42440,venta,78
2020-06-09,13:42:30,07573,devolucion,70
2020-04-05,01:08:08,08645,devolucion,53
2020-04-11,11:53:11,79055,devolucion,73
2020-04-12,14:23:32,54265,devolucion,23
2020-05-14,17:03:36,60415,venta,10
2020-05-08,16:21:43,28721,devolucion,100
2020-05-16,13:40:06,87692,devolucion,60
2020-04-15,17:21:52,59040,venta,81
2020-01-03,18:15:49,71508,devolucion,71
2020-03-24,17:18:30,85350,venta,2
2020-05-29,24:34:09,66295,devolucion,74
2020-01-31,12:22:58,91151,venta,29
2020-03-01,07:55:18,32808,venta,22
2020-06-07,04:51:05,90602,venta,70
2020-03-23,07:01:22,40740,devolucion,61
2020-03-17,03:07:10,36403,devolucion,58
2020-01-31,07:10:38,57700,venta,52
2020-05-20,14:58:25,03646,venta,65
2020-06-15,13:59:59,50405,devolucion,13
2020-02-13,02:45:49,55846,devolucion,70
2020-05-06,15:00:14,78930,devolucion,64
2020-05-22,08:12:12,10447,venta,39
2020-05-27,05:32:49,95449,venta,11
2020-04-11,15:18:42,48952,venta,74
2020-02-26,10:58:11,74392,devolucion,92
2020-04-01,20:46:22,11842,venta,9
2020-03-28,17:58:34,14703,venta,25
2020-01-14,24:32:58,77113,devolucion,65
2020-01-07,20:59:56,65552,devolucion,51
2020-06-08,24:54:50,07229,devolucion,38
2020-03-10,11:55:17,77065,devolucion,82
2020-03-27,21:27:27,32232,venta,13
2020-01-31,21:31:19,41120,devolucion,48
2020-05-14,21:23:30,33443,venta,79
2020-05-14,01:34:34,06155,venta,44
2020-03-15,08:37:28,28096,devolucion,34
2020-03-04,14:52:38,74423,venta,62
2020-03-12,11:43:16,52418,venta,82
2020-06-16,03:19:19,17246,venta,60
2020-05-30,00:58:24,39869,venta,57
2020-02-29,22:42:50,84580,devolucion,25
2020-01-10,11:05:11,54704,venta,80
2020-05-07,21:12:54,54298,devolucion,2
2020-06-04,05:29:34,35196,venta,49
2020-04-28,23:21:50,35775,devolucion,12
2020-06-09,05:44:25,24865,devolucion,74
2020-01-01,09:22:46,91285,venta,41
2020-03-24,17:25:47,00347,devolucion,84
2020-03-18,11:03:18,36559,devolucion,60
2020-04-27,02:10:06,54755,devolucion,46
2020-01-23,04:57:49,52077,venta,62
2020-06-17,01:52:07,53828,venta,84
2020-03-13,04:49:37,97203,devolucion,26
2020-02-04,00:14:42,98721,venta,19
2020-05-26,14:06:18,49747,devolucion,9
2020-01-26,20:10:17,21929,devolucion,36
2020-04-08,23:28:03,40417,venta,23
2020-03-27,03:49:08,49052,devolucion,26
2020-01-12,23:53:19,92404,venta,31
2020-03-14,02:48:49,42552,venta,90
2020-05-21,23:02:23,25262,venta,42
2020-04-03,01:52:46,15735,devolucion,85
2020-06-02,05:43:04,02324,devolucion,58
2020-01-15,22:50:15,90955,devolucion,15
2020-01-22,18:23:31,48433,devolucion,37
2020-03-19,08:33:01,77393,devolucion,4
2020-03-17,06:08:39,99053,venta,81
2020-01-24,10:03:14,24203,venta,96
2020-01-03,07:27:51,25074,devolucion,16
2020-03-22,07:14:39,77896,devolucion,72
2020-03-31,06:42:35,73881,devolucion,86
2020-05-25,18:43:20,97861,venta,36
2020-03-04,07:55:30,65364,venta,89
2020-06-12,13:12:13,11250,venta,87
2020-05-16,23:47:50,64137,venta,31
2020-05-28,21:00:38,21981,devolucion,65
2020-06-03,10:11:10,01948,devolucion,4
2020-05-16,20:31:38,57998,devolucion,21
2020-02-05,19:28:46,15229,devolucion,40
2020-04-20,10:15:41,23441,devolucion,98
2020-03-22,24:41:16,46897,devolucion,25
2020-03-13,19:29:44,12569,devolucion,48
2020-03-09,21:09:06,98367,devolucion,46
2020-03-03,06:30:54,12087,devolucion,42
2020-04-08,12:26:47,55962,devolucion,39
2020-04-20,05:21:42,36289,devolucion,27
2020-04-06,24:25:50,59694,venta,93
2020-04-27,23:34:51,89445,venta,1
2020-02-27,09:25:17,81236,devolucion,22
2020-05-28,17:07:00,60819,devolucion,57
2020-05-14,02:54:54,74716,devolucion,41
2020-05-13,08:57:22,06609,venta,39
2020-05-20,21:37:01,12120,venta,10
2020-03-07,22:40:49,22527,devolucion,89
2020-06-11,24:23:59,31391,devolucion,46
2020-05-05,20:34:47,57735,venta,56
2020-01-14,17:44:07,08535,devolucion,97
2020-04-12,13:10:09,87447,venta,68
2020-05-27,00:21:07,33996,venta,73
2020-03-09,03:40:14,71487,venta,84
2020-01-28,23:22:18,73874,venta,39
2020-02-23,12:17:03,91995,venta,72
2020-01-14,08:54:46,83514,venta,56
2020-02-29,23:14:31,48022,venta,85
2020-02-24,07:09:31,00702,venta,25
2020-05-19,08:45:56,60275,devolucion,50
2020-01-28,14:24:45,66908,devolucion,37
2020-01-05,17:43:43,62799,devolucion,69
2020-01-24,07:27:06,87742,devolucion,42
2020-02-28,07:09:13,34183,devolucion,80
2020-04-24,18:05:16,54057,devolucion,3
2020-04-14,02:32:22,59099,venta,12
2020-03-08,23:00:35,70442,venta,99
2020-02-12,01:34:49,91488,venta,66
2020-01-29,21:43:59,91776,venta,68
2020-04-07,18:42:34,79923,venta,18
2020-02-16,16:45:32,83990,venta,81
2020-06-03,13:37:27,24395,venta,56
2020-02-16,17:36:32,18678,venta,92
2020-01-14,16:28:11,24408,devolucion,58
2020-01-14,03:19:27,65675,venta,2
2020-01-08,20:52:08,97570,devolucion,45
2020-04-12,18:52:49,14368,devolucion,38
2020-03-18,24:32:07,89408,devolucion,37
2020-03-27,08:59:33,88827,venta,57
2020-02-13,13:32:59,55275,venta,64
2020-02-20,14:04:40,97742,venta,6
2020-03-12,15:17:49,60211,devolucion,17
2020-01-13,19:02:55,93899,devolucion,87
2020-01-20,03:29:36,10202,venta,30
2020-02-16,08:02:25,82461,devolucion,31
2020-04-25,12:52:55,95234,venta,48
2020-02-05,11:30:38,87094,venta,5
2020-04-01,19:00:18,07004,devolucion,40
2020-04-07,16:55:10,81266,venta,75
2020-01-02,22:57:55,01804,devolucion,52
2020-03-15,03:20:23,35124,devolucion,83
2020-03-24,10:58:20,34669,venta,60
2020-03-31,07:13:35,82030,devolucion,80
2020-03-13,16:02:52,08901,venta,68
2020-06-07,16:19:32,37938,venta,54
2020-05-04,14:22:09,74758,venta,48
2020-06-14,11:01:01,64084,devolucion,92
2020-03-26,17:38:33,56928,venta,76
2020-04-23,15:01:26,48669,devolucion,5
2020-02-29,17:48:04,59466,devolucion,97
2020-05-06,09:12:24,70156,devolucion,2
2020-01-19,20:03:49,42015,venta,96
2020-05-05,18:48:36,34887,devolucion,29
2020-05-12,04:01:35,06932,venta,52
2020-02-02,21:21:36,14856,venta,72
2020-01-19,01:04:27,24623,venta,60
2020-06-12,11:52:47,91755,venta,27
2020-01-15,08:47:06,85582,devolucion,100
2020-01-01,04:17:35,56770,devolucion,26
2020-04-06,15:06:51,10525,devolucion,39
2020-01-24,12:55:13,21897,devolucion,21
2020-04-15,17:02:18,69769,venta,11
2020-03-25,24:49:37,82016,devolucion,53
2020-03-27,18:11:54,48169,venta,22
2020-03-27,23:29:01,22477,devolucion,80
2020-02-06,12:53:25,70886,venta,55
2020-03-07,14:38:18,69642,devolucion,27
2020-04-18,03:34:17,33600,venta,6
2020-02-25,16:14:03,28707,devolucion,36
2020-04-15,15:41:32,36488,venta,7
2020-04-24,18:17:15,43274,venta,4
2020-05-01,21:19:15,91810,devolucion,14
2020-03-13,18:38:54,69468,venta,53
2020-04-07,12:25:07,17397,devolucion,3
2020-02-15,07:34:19,41049,venta,95
2020-02-19,19:52:06,82826,venta,89
2020-05-13,14:08:01,58697,devolucion,19
2020-06-05,13:49:43,76943,venta,61
2020-04-04,02:24:18,12977,devolucion,52
2020-06-05,04:12:28,28987,venta,48
2020-05-16,10:00:17,54312,devolucion,45
2020-05-30,12:15:38,31959,devolucion,27
2020-05-04,22:51:36,88106,devolucion,14
2020-03-03,08:53:01,15571,devolucion,5
2020-04-27,04:57:58,45738,devolucion,11
2020-01-04,07:23:18,53451,venta,75
2020-03-12,12:43:16,92080,devolucion,42
2020-04-25,10:47:05,11421,venta,26
2020-05-03,08:04:15,90887,venta,24
2020-05-19,17:22:29,33509,venta,42
2020-01-09,00:46:51,19353,venta,15
2020-06-02,20:20:24,07908,venta,30
2020-03-29,16:38:30,77929,venta,3
2020-04-13,24:11:32,22974,venta,97
2020-01-11,13:43:17,31452,venta,21
2020-01-19,10:25:37,88465,devolucion,4
2020-03-10,05:08:44,76473,devolucion,4
2020-04-05,11:14:18,61912,devolucion,74
2020-05-08,23:56:05,96681,devolucion,100
2020-05-27,22:43:02,52326,devolucion,79
2020-01-30,02:42:58,69574,venta,4
2020-04-09,20:21:20,43567,venta,13
2020-06-04,01:52:47,06078,venta,62
2020-06-06,21:40:13,74340,venta,75
2020-02-16,22:53:00,36699,venta,25
2020-03-07,20:06:45,18595,venta,11
2020-01-21,10:53:36,58137,devolucion,89
2020-06-12,11:28:20,26042,devolucion,59
2020-04-25,16:12:01,54751,devolucion,64
2020-03-04,11:19:03,33711,devolucion,48
2020-03-06,10:00:49,29341,devolucion,76
2020-02-03,19:05:40,30729,devolucion,10
2020-02-19,16:53:20,05747,devolucion,52
2020-04-07,24:21:03,04187,devolucion,52
2020-03-11,09:16:06,40219,devolucion,95
2020-04-16,10:34:32,82404,venta,56
2020-01-14,10:58:42,94086,devolucion,28
2020-01-28,20:22:25,76151,venta,28
2020-06-11,03:05:37,61000,devolucion,21
2020-01-22,11:17:56,18386,devolucion,45
2020-04-17,13:32:47,78710,devolucion,11
2020-01-24,19:26:33,44447,venta,48
2020-02-05,18:33:23,16958,venta,100
2020-02-10,08:36:26,86818,venta,38
2020-01-23,05:48:46,95442,devolucion,38
2020-02-02,14:53:18,66261,venta,85
2020-03-27,02:44:40,80758,devolucion,53
2020-05-05,21:41:22,63598,devolucion,8
2020-04-20,18:04:02,72218,devolucion,38
2020-04-08,03:01:02,80821,devolucion,94
2020-06-03,08:15:08,09408,venta,10
2020-04-25,18:55:10,25795,devolucion,12
2020-04-09,24:10:23,39189,devolucion,51
2020-05-30,02:21:52,41176,venta,6
2020-05-31,16:59:31,98579,venta,63
2020-05-06,04:50:30,29786,devolucion,88
2020-03-14,15:50:15,77070,venta,87
2020-03-24,08:46:46,61888,venta,97
2020-06-07,02:30:44,89936,devolucion,21
2020-05-27,18:58:49,82391,venta,39
2020-06-10,17:01:01,83586,devolucion,91
2020-05-15,00:42:09,86873,venta,88
2020-04-08,12:30:07,62203,venta,82
2020-03-16,19:05:32,50884,devolucion,41
2020-03-16,24:32:33,93303,devolucion,99
2020-04-30,02:32:09,99941,venta,91
2020-03-20,04:36:16,32620,devolucion,59
2020-03-27,17:52:32,41541,venta,82
2020-03-10,16:04:36,59611,venta,11
2020-04-13,11:49:58,69632,venta,18
2020-05-10,00:13:40,34203,devolucion,18
2020-01-25,03:26:43,65576,devolucion,18
2020-05-28,09:22:59,96376,devolucion,83
2020-04-06,16:00:21,91622,devolucion,41
2020-03-09,09:14:41,55021,devolucion,56
2020-03-10,16:12:14,85358,devolucion,56
2020-05-10,14:30:48,35340,venta,79
2020-05-20,19:47:29,30339,venta,64
2020-06-10,05:09:13,69197,venta,57
2020-06-07,05:59:19,33329,devolucion,20
2020-04-10,01:22:47,80941,devolucion,48
2020-02-10,21:30:53,50352,venta,44
2020-01-14,20:01:23,45803,devolucion,18
2020-04-04,12:20:14,89514,devolucion,47
2020-01-31,21:40:44,32945,devolucion,17
2020-03-16,07:30:30,43382,devolucion,61
2020-01-31,02:24:51,11824,venta,24
2020-02-09,03:02:01,25176,devolucion,9
2020-04-11,06:22:05,17509,venta,52
2020-01-15,19:22:00,24858,venta,26
2020-03-03,18:29:44,95623,venta,40
2020-04-27,17:31:21,73217,devolucion,65
2020-01-14,22:17:08,73557,devolucion,66
2020-04-14,13:50:01,06681,devolucion,16
2020-05-22,17:22:29,36022,devolucion,49
2020-04-04,09:45:20,04686,devolucion,14
2020-05-06,18:05:33,76382,venta,77
2020-04-26,06:56:45,33486,devolucion,39
2020-02-16,00:17:54,15540,devolucion,89
2020-06-05,04:30:22,40093,devolucion,51
2020-02-01,11:06:42,40100,venta,8
2020-04-05,06:48:29,73713,venta,35
2020-05-10,09:19:45,28345,devolucion,3
2020-01-24,21:26:25,96114,venta,27
2020-04-18,01:22:27,48289,venta,32
2020-04-02,00:07:41,31609,venta,64
2020-01-16,05:31:10,16821,venta,32
2020-04-28,13:20:59,38709,devolucion,97
2020-06-03,13:00:55,40899,venta,89
2020-03-28,05:54:34,26729,devolucion,37
2020-05-30,08:57:50,69007,devolucion,75
2020-03-01,09:17:01,04134,devolucion,55
2020-03-11,07:21:58,87407,devolucion,89
2020-06-12,15:33:21,46081,venta,12
2020-06-03,16:10:34,65197,venta,31
2020-01-30,16:15:20,85623,venta,40
2020-05-05,06:02:25,23424,devolucion,49
2020-01-11,05:45:19,74290,venta,17
2020-02-11,17:51:50,32158,devolucion,58
2020-03-05,19:36:00,12478,venta,15
2020-01-01,23:25:26,13303,venta,39
2020-04-13,16:37:46,55059,devolucion,3
2020-01-27,00:16:01,44954,venta,32
2020-03-01,09:02:36,33660,devolucion,47
2020-03-22,13:16:52,27208,devolucion,77
2020-02-12,07:42:32,54646,venta,44
2020-03-14,08:13:13,60313,devolucion,57
2020-01-25,09:46:55,45965,devolucion,7
2020-06-15,00:00:01,82265,devolucion,78
2020-02-29,10:45:24,84382,devolucion,5
2020-04-08,13:59:32,07819,venta,86
2020-01-27,17:29:16,44735,venta,7
2020-06-09,19:35:36,59147,devolucion,12
2020-05-10,12:29:54,16639,venta,78
2020-01-26,22:20:02,29343,venta,83
2020-05-24,09:42:55,32914,venta,97
2020-03-21,04:37:34,16791,venta,71
2020-05-27,18:51:07,63237,venta,16
2020-05-09,16:33:28,72267,venta,28
2020-01-07,23:50:43,25871,devolucion,50
2020-01-23,01:33:40,54496,devolucion,2
2020-02-25,02:34:25,87342,venta,26
2020-02-27,12:12:50,00095,venta,50
2020-02-29,07:40:19,66996,venta,46
2020-02-25,16:25:24,96081,devolucion,17
2020-02-20,06:53:59,35744,venta,32
2020-02-26,05:10:34,69528,venta,87
2020-03-26,13:31:38,59360,venta,99
2020-04-21,06:09:54,62551,devolucion,94
2020-02-02,20:36:53,00699,venta,57
2020-01-25,14:54:52,29849,venta,32
2020-01-29,11:11:05,89144,devolucion,76
2020-05-06,05:16:45,29709,venta,88
2020-06-11,16:36:16,89873,devolucion,51
2020-01-21,02:46:17,90205,devolucion,33
2020-04-24,13:16:46,21621,devolucion,5
2020-04-14,12:21:14,44391,venta,37
2020-05-24,08:40:22,11644,venta,37
2020-03-22,00:04:51,50228,devolucion,99
2020-05-14,04:29:14,27960,venta,52
2020-05-20,05:09:35,00247,venta,10
2020-01-18,04:07:19,97862,devolucion,49
2020-03-05,12:40:11,69126,devolucion,14
2020-03-30,00:11:59,29932,venta,88
2020-04-27,11:11:53,46238,venta,25
2020-04-24,07:19:58,53743,venta,79
2020-01-30,00:19:35,77777,devolucion,10
2020-05-29,07:57:37,22319,devolucion,4
2020-01-27,09:27:49,11294,devolucion,78
2020-02-02,13:45:21,86472,venta,92
2020-04-28,06:21:39,33532,venta,56
2020-05-31,14:09:58,12692,venta,9
2020-04-18,21:54:45,51720,devolucion,93
2020-02-11,02:53:40,55311,venta,87
2020-05-26,09:55:43,32871,venta,11
2020-06-07,06:15:53,45973,venta,90
2020-06-02,06:20:41,94530,venta,71
2020-05-08,00:21:18,74974,devolucion,57
2020-06-04,09:11:58,59550,devolucion,60
2020-02-26,03:20:16,62787,devolucion,65
2020-05-05,23:19:00,45971,venta,56
2020-03-12,18:53:03,88407,venta,23
2020-05-06,07:53:19,26709,venta,22
2020-06-13,07:00:16,96469,devolucion,91
2020-05-20,12:10:15,56157,devolucion,74
2020-06-09,23:39:09,74928,devolucion,91
2020-01-07,10:44:56,98118,devolucion,74
2020-03-10,15:08:38,91885,devolucion,63
2020-02-23,04:25:44,60572,devolucion,10
2020-03-28,08:37:12,56758,devolucion,48
2020-06-17,02:33:41,96548,devolucion,94
2020-03-01,23:20:57,97973,devolucion,76
2020-04-22,11:40:23,68110,devolucion,50
2020-03-27,16:50:04,63691,devolucion,37
2020-01-17,11:40:52,93495,devolucion,56
2020-04-03,23:22:42,95776,devolucion,79
2020-01-10,11:07:20,96655,venta,56
2020-02-23,01:33:53,99244,venta,92
2020-01-28,17:15:55,25077,devolucion,100
2020-01-18,22:06:12,48914,devolucion,74
2020-04-16,12:02:02,30256,venta,33
2020-06-06,03:22:50,48254,venta,33
2020-01-07,11:06:58,04387,devolucion,53
2020-05-14,05:03:07,52166,venta,11
2020-05-25,07:56:29,69884,venta,52
2020-02-10,13:08:39,52235,devolucion,72
2020-03-17,13:25:20,43691,venta,7
2020-04-29,19:26:51,29312,devolucion,60
2020-05-02,15:08:17,59057,venta,14
2020-05-22,07:42:17,90933,venta,68
2020-05-02,16:32:28,73231,devolucion,28
2020-02-09,05:34:48,27987,venta,97
2020-05-09,18:21:53,07035,venta,53
2020-06-01,02:40:35,33382,venta,98
2020-06-15,05:09:28,98106,venta,55
2020-06-08,14:04:00,17420,devolucion,64
2020-03-02,05:43:33,44907,devolucion,56
2020-04-07,18:34:53,31342,venta,96
2020-01-31,14:32:31,95125,venta,86
2020-04-02,02:04:43,45062,devolucion,97
2020-04-01,06:27:39,41314,devolucion,32
2020-06-10,05:06:41,49653,venta,60
2020-05-19,22:35:07,84970,devolucion,77
2020-04-18,06:29:17,04765,devolucion,10
2020-05-16,18:04:59,95953,devolucion,19
2020-05-14,07:35:40,73302,devolucion,86
2020-05-03,15:42:58,37539,venta,18
2020-02-28,08:24:08,93374,devolucion,39
2020-04-05,09:42:36,15255,venta,97
2020-04-10,05:33:12,41126,devolucion,19
2020-02-16,10:35:10,73632,venta,70
2020-06-15,05:58:01,29328,devolucion,8
2020-05-29,15:10:11,95702,devolucion,12
2020-06-12,03:45:48,53462,devolucion,46
2020-03-20,21:58:56,19350,venta,23
2020-01-24,18:23:22,64133,devolucion,21
2020-04-09,09:33:33,50813,devolucion,71
2020-01-24,23:32:16,74650,venta,32
2020-03-15,22:15:06,21237,devolucion,74
2020-02-20,11:41:14,62448,venta,97
2020-02-19,21:36:43,29735,devolucion,17
2020-06-07,12:38:36,51485,venta,83
2020-03-08,16:22:20,98361,venta,74
2020-05-14,19:56:50,53843,venta,21
2020-06-02,09:22:04,25072,venta,4
2020-01-06,11:31:43,59014,venta,69
2020-03-02,01:58:36,23369,devolucion,47
2020-06-08,21:52:51,24599,devolucion,83
2020-04-05,01:18:06,21249,venta,40
2020-05-23,06:00:31,15531,venta,24
2020-03-21,14:01:44,38928,venta,99
2020-05-28,13:31:40,44379,venta,39
2020-03-09,21:39:53,37486,devolucion,96
2020-04-03,20:28:56,03589,venta,100
2020-04-01,05:19:57,84284,venta,44
2020-04-23,13:16:00,59307,venta,92
2020-05-31,20:15:08,02829,venta,41
2020-01-24,18:54:23,38742,devolucion,54
2020-02-23,05:57:42,68071,venta,97
2020-06-14,03:35:40,35836,venta,14
2020-05-17,08:27:31,38941,venta,84
2020-01-05,09:48:48,45912,devolucion,31
2020-03-01,17:52:46,54312,venta,93
2020-02-16,18:48:31,85149,venta,2
2020-05-14,16:05:58,12773,devolucion,56
2020-04-28,03:43:18,75946,venta,49
2020-03-15,11:26:47,17914,venta,10
2020-05-06,09:28:32,99074,venta,76
2020-03-03,06:47:15,19288,venta,71
2020-03-16,10:07:46,27098,venta,100
2020-06-07,01:37:18,13788,devolucion,33
2020-02-27,17:41:22,25975,devolucion,33
2020-02-29,09:37:03,87763,venta,38
2020-02-04,08:21:21,81194,venta,55
2020-04-06,03:16:44,23199,venta,33
2020-04-17,09:44:32,21920,venta,1
2020-02-24,11:42:53,76940,devolucion,93
2020-02-24,08:25:06,22943,devolucion,18
2020-05-20,14:09:29,81337,devolucion,21
2020-06-12,09:15:06,00149,venta,88
2020-04-15,16:38:57,39490,devolucion,62
2020-06-07,06:03:11,49785,devolucion,37
2020-01-03,15:58:04,80288,devolucion,5
2020-04-11,19:18:28,87061,devolucion,56
2020-02-23,12:37:00,00997,venta,39
2020-02-11,04:08:39,65041,venta,11
2020-03-08,12:09:04,66731,venta,55
2020-04-14,21:36:18,18974,devolucion,97
2020-03-18,11:38:21,14967,devolucion,4
2020-01-14,07:18:30,02229,venta,22
2020-03-21,17:23:04,98218,devolucion,63
2020-02-25,23:20:49,59759,venta,57
2020-01-09,18:36:17,82551,venta,79
2020-01-16,16:39:08,45572,venta,32
2020-05-05,21:25:13,47368,devolucion,81
2020-03-08,05:40:43,37643,devolucion,23
2020-02-03,17:36:11,74076,devolucion,21
2020-04-30,08:44:30,03836,venta,59
2020-04-03,15:39:05,85037,venta,52
2020-03-22,13:41:28,04205,devolucion,79
2020-03-21,19:43:22,25522,devolucion,78
2020-01-14,12:55:04,99712,venta,1
2020-04-20,03:32:25,86850,venta,23
2020-04-08,19:53:13,62386,venta,39
2020-05-20,01:26:49,05447,venta,44
2020-05-09,23:34:53,57777,devolucion,18
2020-04-05,08:34:25,61609,devolucion,78
2020-01-28,22:05:36,92862,devolucion,23
2020-02-18,24:57:05,13981,venta,21
2020-01-02,18:02:48,29104,venta,25
2020-05-28,22:49:04,95530,venta,83
2020-03-16,12:24:00,38694,venta,41
2020-03-16,06:23:15,67256,devolucion,59
2020-04-17,05:01:56,23499,devolucion,72
2020-03-30,22:00:09,68567,devolucion,18
2020-03-04,19:35:51,10476,devolucion,84
2020-03-26,03:52:33,33030,devolucion,76
2020-02-28,10:13:27,00204,venta,47
2020-05-04,01:20:29,06572,devolucion,99
2020-02-01,03:14:13,21954,venta,23
2020-05-30,12:21:43,87367,venta,17
2020-01-22,07:53:49,94236,venta,79
2020-04-06,08:48:07,86884,devolucion,10
2020-06-17,16:26:50,01668,venta,50
2020-05-18,05:24:19,57581,devolucion,12
2020-06-08,05:25:05,05783,venta,24
2020-02-04,12:25:00,25550,venta,4
2020-04-02,10:11:56,77909,venta,38
2020-03-18,13:39:36,40353,devolucion,83
2020-02-29,18:11:05,05901,devolucion,58
2020-03-01,17:59:02,08978,venta,84
2020-01-18,17:24:08,41750,devolucion,23
2020-04-13,12:32:45,94201,venta,71
2020-04-26,15:25:32,08703,venta,40
2020-05-18,08:56:45,04811,devolucion,36
2020-03-28,15:48:12,25958,venta,6
2020-04-02,06:11:06,72794,devolucion,25
2020-05-06,12:45:34,77938,venta,23
2020-06-14,22:52:26,39457,devolucion,33
2020-05-08,05:56:11,58586,venta,92
2020-04-18,10:42:56,62596,devolucion,11
2020-03-31,19:39:47,10967,venta,73
2020-03-02,20:54:47,38064,venta,70
2020-05-12,07:26:37,17028,venta,57
2020-06-11,10:48:43,67412,devolucion,58
2020-05-04,23:01:06,54199,devolucion,68
2020-01-25,20:20:33,24483,venta,35
2020-04-04,02:08:56,93009,venta,37
2020-02-08,10:05:47,08304,devolucion,83
2020-02-11,20:12:30,19611,venta,48
2020-05-15,22:29:31,79807,venta,8
2020-04-09,00:29:08,16505,venta,2
2020-02-24,06:19:48,54866,venta,77
2020-04-24,23:18:51,22355,venta,44
2020-01-26,11:37:01,89735,venta,38
2020-03-19,19:45:20,75535,venta,12
2020-02-01,08:56:04,69109,venta,81
2020-04-21,17:24:13,18599,devolucion,93
2020-05-09,15:40:23,69625,venta,86
2020-05-11,17:57:25,35906,devolucion,69
2020-02-12,04:43:01,07629,devolucion,67
2020-03-03,22:59:15,36615,devolucion,81
2020-02-18,19:48:39,79812,devolucion,71
2020-05-05,10:58:46,69966,devolucion,46
2020-02-22,00:36:56,17923,venta,81
2020-01-06,14:12:07,33543,devolucion,84
2020-01-24,02:28:42,91195,venta,82
2020-01-13,24:02:49,63821,devolucion,97
2020-05-23,08:08:21,33864,venta,36
2020-01-28,14:57:21,63091,devolucion,64
2020-01-26,16:20:52,45250,devolucion,89
2020-06-05,19:01:26,59569,venta,89
2020-03-05,00:19:28,55516,devolucion,53
2020-03-04,06:52:27,45708,venta,29
2020-02-26,18:28:02,98224,devolucion,86
2020-03-03,10:00:16,24137,venta,35
2020-01-28,07:47:51,87916,devolucion,14
2020-01-25,17:46:47,74307,devolucion,74
2020-04-13,06:39:57,96645,venta,78
2020-04-03,16:03:08,22840,devolucion,71
2020-02-29,08:23:58,20838,devolucion,82
2020-01-11,20:48:44,97574,devolucion,9
2020-03-02,02:39:47,55402,devolucion,100
2020-04-05,19:04:40,10021,devolucion,64
2020-05-06,05:31:47,20837,venta,30
2020-05-31,23:01:34,63563,venta,52
2020-03-06,18:17:04,89807,venta,69
2020-05-21,03:30:24,07546,venta,5
2020-04-11,11:46:33,77603,venta,55
2020-03-09,15:40:51,76072,venta,63
2020-04-20,00:16:00,10859,venta,29
2020-02-08,22:04:51,47374,venta,58
2020-04-16,22:33:18,94882,devolucion,17
2020-02-11,12:50:45,29765,venta,99
2020-02-14,20:54:15,60734,devolucion,52
2020-03-24,21:44:54,78732,devolucion,18
2020-04-03,24:33:51,45846,devolucion,95
2020-04-19,17:26:14,14454,venta,50
2020-03-10,01:18:21,32897,venta,66
2020-04-21,12:34:12,06951,devolucion,64
2020-03-22,24:59:41,64919,venta,65
2020-01-14,07:41:43,20009,devolucion,84
2020-02-26,16:15:09,50556,devolucion,44
2020-03-22,15:00:04,86001,venta,33
2020-04-02,06:36:52,48976,devolucion,27
2020-04-17,24:37:13,20573,venta,92
2020-02-28,00:00:19,47097,venta,78
2020-02-16,11:33:07,39086,devolucion,79
2020-01-30,19:22:38,54288,devolucion,72
2020-02-18,08:47:54,78285,devolucion,97
2020-05-11,01:07:10,00102,venta,20
2020-01-17,00:30:33,21049,devolucion,76
2020-03-09,18:01:46,47880,venta,61
2020-05-01,07:54:45,19804,devolucion,30
2020-04-06,10:32:58,32172,devolucion,14
2020-06-13,11:11:35,80115,venta,87
2020-03-31,18:10:26,35433,devolucion,40
2020-03-16,19:34:33,50063,devolucion,34
2020-04-17,00:04:40,93758,venta,24
2020-01-22,07:40:07,08443,venta,98
2020-03-21,01:50:27,30190,devolucion,21
2020-02-02,23:02:12,65001,devolucion,99
2020-02-05,23:55:51,36797,venta,47
2020-05-11,03:56:33,81004,venta,32
2020-02-08,21:02:59,62003,devolucion,100
2020-03-08,15:01:47,93162,devolucion,20
2020-03-25,17:46:51,24748,venta,49
2020-03-31,13:57:15,85184,venta,3
2020-06-01,17:48:57,85327,venta,80
2020-02-21,23:50:40,25668,venta,43
2020-03-11,01:45:09,77225,venta,97
2020-04-12,17:50:48,55907,venta,86
2020-01-23,16:00:16,03345,devolucion,73
2020-04-23,05:42:39,43024,venta,36
2020-04-29,05:38:21,34252,venta,9
2020-03-20,18:21:59,59761,devolucion,91
2020-04-22,22:11:30,44828,venta,33
2020-04-24,21:54:02,78946,devolucion,60
2020-05-05,19:45:23,68569,venta,77
2020-02-02,10:16:17,21835,venta,90
2020-04-20,20:16:51,90480,devolucion,32
2020-05-26,08:34:07,93949,devolucion,5
2020-02-11,10:30:23,59923,venta,78
2020-06-05,12:54:57,47909,venta,85
2020-01-28,09:56:14,49605,venta,58
2020-01-02,03:23:06,11933,devolucion,25
2020-01-04,12:06:57,17421,devolucion,68
2020-04-06,05:35:05,00212,devolucion,45
2020-04-07,01:20:11,58641,devolucion,30
2020-04-03,15:43:48,62449,devolucion,77
2020-05-14,21:27:26,32653,devolucion,71
2020-06-05,17:21:46,73180,venta,51
2020-01-02,14:39:34,12525,venta,35
2020-03-06,07:52:08,15499,venta,92
2020-05-30,06:27:06,26253,devolucion,89
2020-01-12,20:32:41,75081,venta,92
2020-02-27,11:16:15,56304,venta,27
2020-04-09,04:11:38,94863,devolucion,26
2020-02-01,13:02:35,83289,venta,73
2020-05-29,14:03:03,86257,devolucion,71
2020-03-12,07:30:05,53622,devolucion,57
2020-04-21,00:34:50,90031,venta,11
2020-04-10,23:48:05,08886,venta,19
2020-04-12,03:46:45,26662,venta,13
2020-02-06,11:08:07,80889,devolucion,60
2020-03-31,20:07:41,18426,venta,17
2020-02-09,00:36:48,78315,venta,56
2020-06-06,21:48:03,59878,venta,7
2020-05-12,19:08:31,87889,devolucion,50
2020-05-27,19:04:12,91556,devolucion,95
2020-05-07,14:41:56,66069,devolucion,96
2020-01-23,19:29:42,31499,devolucion,73
2020-05-30,17:25:09,93127,devolucion,98
2020-04-29,14:11:22,39167,venta,21
2020-04-13,21:25:49,92515,devolucion,49
2020-02-25,21:23:48,88340,venta,33
2020-02-25,24:28:50,75925,devolucion,61
2020-02-09,21:16:40,38241,devolucion,42
2020-05-02,22:32:35,63684,venta,59
2020-05-18,05:07:42,05635,venta,76
2020-02-17,23:52:30,08914,devolucion,96
2020-06-11,07:46:20,20259,devolucion,75
2020-01-31,05:37:54,46452,devolucion,56
2020-01-08,01:57:43,43876,devolucion,99
2020-05-12,00:34:24,81450,venta,76
2020-03-26,19:15:44,12758,devolucion,78
2020-01-08,23:12:03,09806,venta,88
2020-03-07,23:52:02,03351,venta,34
2020-03-14,11:10:21,58229,venta,10
2020-03-27,03:16:19,83740,devolucion,43
2020-01-03,24:17:11,86637,venta,3
2020-04-15,16:09:52,27680,venta,26
2020-04-16,00:57:33,79657,venta,58
2020-04-22,05:30:30,09936,venta,83
2020-02-19,05:43:06,55476,devolucion,86
2020-06-08,10:47:28,65405,devolucion,43
2020-03-23,12:46:51,16226,venta,5
2020-02-26,06:18:46,13071,devolucion,48
2020-01-11,22:00:58,00651,devolucion,28
2020-02-19,19:35:19,50018,venta,71
2020-02-28,15:00:39,99729,devolucion,64
2020-06-08,16:03:02,84753,venta,87
2020-03-20,16:09:12,06352,devolucion,86
2020-02-15,10:37:28,39674,devolucion,22
2020-01-15,15:17:28,50667,devolucion,59
2020-02-09,01:36:43,83810,devolucion,39
2020-03-06,02:05:19,20488,devolucion,22
2020-04-17,19:20:35,96455,venta,84
2020-02-05,22:03:29,00026,devolucion,62
2020-02-19,05:08:50,20201,devolucion,32
2020-02-02,10:56:29,68149,venta,42
2020-03-06,16:23:30,62385,venta,58
2020-03-17,07:31:56,88291,devolucion,54
2020-06-12,07:38:08,95351,devolucion,33
2020-04-01,18:09:32,78134,venta,14
2020-02-26,08:40:23,27469,venta,61
2020-03-02,22:44:28,94906,devolucion,65
2020-03-13,20:59:51,22445,devolucion,34
2020-04-23,14:03:44,71740,venta,21
2020-06-03,18:24:18,66057,venta,22
2020-01-29,20:55:47,23434,venta,20
2020-05-16,05:30:22,35310,venta,56
2020-01-03,18:40:03,40673,venta,40
2020-03-17,13:21:46,65309,devolucion,86
2020-04-08,08:32:49,60082,devolucion,61
2020-02-09,14:41:23,55064,devolucion,29
2020-02-26,22:49:48,04815,devolucion,6
2020-05-10,23:59:52,77847,devolucion,23
2020-01-11,09:58:35,50059,venta,80
2020-03-12,12:44:21,21764,venta,42
2020-06-12,18:42:52,41634,venta,98
2020-02-28,09:58:28,37806,devolucion,26
2020-02-17,17:21:18,92744,venta,11
2020-01-30,12:39:56,23615,devolucion,71
2020-01-26,14:20:40,03626,devolucion,40
2020-04-25,00:10:27,97034,venta,18
2020-05-28,11:01:19,78717,devolucion,17
2020-01-26,20:49:52,41046,devolucion,49
2020-04-27,23:59:34,85531,devolucion,64
2020-03-04,08:51:31,14473,venta,24
2020-03-03,01:31:08,54461,venta,7
2020-04-13,13:20:37,50540,venta,72
2020-04-28,05:58:57,41529,devolucion,8
2020-01-21,13:38:31,33178,devolucion,16
2020-03-22,19:24:08,28181,venta,6
2020-06-16,21:05:53,74046,devolucion,77
2020-04-24,04:59:15,57378,venta,98
2020-03-28,20:35:39,84903,venta,58
2020-04-29,08:48:59,57691,devolucion,42
2020-05-08,00:10:10,90621,venta,71
2020-04-23,11:46:10,06966,venta,80
2020-03-02,16:52:24,06076,venta,35
2020-02-18,19:25:21,93994,venta,67
2020-06-03,18:02:15,88904,devolucion,74
2020-03-03,19:11:31,03774,venta,74
2020-06-14,20:44:58,71784,devolucion,20
2020-03-08,03:08:03,04352,venta,26
2020-04-20,10:01:24,52774,venta,76
2020-02-12,16:55:46,51184,venta,61
2020-02-02,21:58:18,12961,devolucion,74
2020-05-10,07:20:35,91948,venta,56
2020-06-11,15:12:39,61558,venta,6
2020-01-12,06:07:33,07432,devolucion,27
2020-04-07,18:31:37,28080,devolucion,87
2020-03-07,04:10:32,98794,devolucion,60
2020-03-02,02:02:06,85104,venta,22
2020-03-24,00:33:28,97765,devolucion,11
2020-04-24,03:22:45,26514,venta,72
2020-01-21,24:07:28,18077,devolucion,95
2020-02-04,07:16:38,14616,venta,59
2020-04-20,00:22:19,68052,venta,70
2020-02-19,18:28:40,19652,venta,82
2020-01-21,13:59:52,04068,venta,2
2020-01-11,09:15:49,86936,venta,99
2020-01-28,04:35:21,17435,devolucion,21
2020-03-12,24:38:59,28576,venta,93
2020-06-05,11:16:44,87579,devolucion,34
2020-05-04,24:42:57,46569,venta,34
2020-06-14,01:23:41,63836,devolucion,80
2020-03-29,21:35:21,04651,devolucion,20
2020-05-05,19:59:09,49918,devolucion,3
2020-03-22,02:33:57,89164,devolucion,49
2020-01-02,18:46:21,84915,venta,83
2020-02-27,24:03:42,32348,venta,47
2020-03-16,13:57:46,79416,venta,62
2020-04-20,19:57:47,98832,devolucion,96
2020-04-24,07:37:47,87331,venta,92
2020-04-11,19:26:08,71763,venta,19
2020-02-06,17:20:06,25133,devolucion,79
2020-02-05,23:50:47,38720,devolucion,59
2020-04-29,00:47:56,90539,devolucion,85
2020-05-14,24:31:34,35785,venta,32
2020-01-02,05:18:27,29995,devolucion,94
2020-05-23,18:11:04,20289,devolucion,10
2020-04-25,24:20:01,06659,devolucion,39
2020-01-25,03:20:42,94578,venta,89
2020-02-29,14:07:08,88116,devolucion,69
2020-03-24,01:50:25,63014,devolucion,27
2020-04-24,12:10:27,36422,venta,56
2020-01-23,11:15:46,80053,devolucion,1
2020-04-17,17:42:28,23995,devolucion,46
2020-04-21,12:29:07,62823,devolucion,36
2020-05-26,13:31:52,11412,venta,53
2020-03-03,16:23:59,35084,venta,63
2020-02-29,06:06:42,82872,devolucion,27
2020-03-21,24:36:20,13965,devolucion,61
2020-06-17,15:04:06,71075,devolucion,73
2020-06-05,13:42:58,41126,devolucion,22
2020-02-26,04:43:26,57441,devolucion,32
2020-01-31,01:52:02,13060,venta,17
2020-04-25,16:45:24,94469,venta,6
2020-02-05,13:19:32,00236,venta,92
2020-02-01,04:31:35,77000,venta,94
2020-01-15,20:17:49,74037,venta,20
2020-04-24,09:29:33,61713,venta,29
2020-05-14,03:09:54,14311,venta,34
2020-02-22,04:41:34,10462,venta,53
2020-04-15,11:37:45,47345,devolucion,48
2020-01-02,18:58:27,76033,venta,52
2020-05-02,24:13:45,83417,devolucion,55
2020-02-03,15:02:42,32310,devolucion,70
2020-02-09,14:47:57,08439,devolucion,94
2020-05-07,01:27:47,93720,devolucion,2
2020-02-22,10:44:03,08630,venta,40
2020-03-10,10:10:12,03775,venta,45
2020-03-15,19:41:27,26620,venta,65
2020-01-09,13:08:05,96942,devolucion,58
2020-03-24,01:29:09,44945,venta,26
2020-02-02,10:28:38,24085,venta,50
2020-06-12,19:35:15,32780,venta,74
2020-03-10,13:42:47,91819,venta,66
2020-03-03,20:56:55,04758,devolucion,68
2020-01-28,12:46:52,83565,devolucion,47
2020-01-15,21:12:02,17964,venta,54
2020-02-13,16:42:36,98191,devolucion,23
2020-01-21,12:31:50,60312,venta,82
2020-04-19,08:35:04,13585,venta,72
2020-05-19,17:08:32,11694,devolucion,51
2020-01-12,10:27:00,28581,devolucion,60
2020-01-24,23:15:49,20978,venta,18
2020-05-31,14:54:36,04324,devolucion,34
2020-05-07,15:54:35,98294,devolucion,92
2020-01-31,17:47:34,90193,devolucion,29
2020-01-01,14:35:05,86097,devolucion,83
2020-01-03,17:30:37,38434,devolucion,80
2020-03-28,15:07:16,55452,venta,62
2020-03-30,18:19:42,87191,devolucion,40
2020-04-10,16:51:49,96813,devolucion,85
2020-02-18,06:07:16,90461,venta,52
2020-04-09,18:26:36,83889,venta,11
2020-06-04,11:51:14,31919,devolucion,58
2020-05-13,17:18:00,52310,venta,73
2020-06-13,04:41:36,09294,venta,59
2020-05-14,04:01:00,10333,venta,94
2020-06-06,24:40:05,54215,devolucion,70
2020-05-09,22:22:32,86964,venta,98
2020-04-06,23:13:57,77479,devolucion,54
2020-01-13,03:53:38,82507,venta,90
2020-05-17,22:28:07,01561,devolucion,22
2020-05-13,10:12:02,40246,venta,80
2020-04-02,15:00:14,52312,devolucion,87
2020-03-27,13:48:22,46288,venta,59
2020-06-07,14:28:31,46918,venta,32
2020-01-14,03:18:20,06703,venta,99
2020-03-01,05:29:47,92383,venta,89
2020-05-08,00:22:02,84805,venta,93
2020-06-11,05:20:17,13100,venta,40
2020-01-11,12:48:25,60022,devolucion,21
2020-04-11,14:54:45,84886,venta,97
2020-06-14,02:29:17,42008,devolucion,98
2020-02-25,01:38:42,95218,devolucion,1
2020-02-18,13:40:20,55236,devolucion,72
2020-04-25,09:07:36,13506,venta,57
2020-04-14,16:50:55,48584,venta,63
2020-02-26,00:52:09,28400,venta,70
2020-02-19,12:37:47,72396,venta,43
2020-06-12,11:26:59,01510,venta,48
2020-05-18,21:11:33,66186,venta,26
2020-01-31,00:09:12,76211,venta,8
2020-02-17,15:00:30,29354,devolucion,78
2020-03-30,18:34:06,80612,venta,14
2020-01-28,06:16:25,33765,venta,93
2020-05-16,01:41:14,99681,venta,47
2020-03-21,15:17:30,65359,devolucion,47
2020-01-31,20:30:03,99887,venta,14
2020-04-15,02:06:20,28203,venta,11
2020-01-12,06:30:40,96722,devolucion,45
2020-02-06,13:50:50,85977,venta,60
2020-03-31,18:41:05,22924,venta,54
2020-03-16,21:48:36,28441,devolucion,5
2020-04-21,24:28:47,93935,devolucion,72
2020-02-04,21:01:01,53014,venta,75
2020-04-13,14:41:20,31508,venta,2
2020-02-21,14:41:00,17306,devolucion,8
2020-05-24,21:05:52,96781,venta,25
2020-01-20,10:28:23,18759,devolucion,22
2020-02-09,09:14:48,70779,devolucion,99
2020-06-13,03:35:25,03494,devolucion,45
2020-01-22,15:10:03,48446,devolucion,53
2020-03-27,06:13:17,69524,venta,91
2020-03-13,06:29:46,84822,devolucion,58
2020-05-19,12:48:02,33939,devolucion,6
2020-04-18,24:20:11,78877,venta,26
2020-02-10,05:21:29,25883,devolucion,97
2020-04-20,12:34:40,19009,venta,73
2020-06-10,02:52:52,07639,venta,24
2020-05-02,14:11:14,49921,venta,99
2020-06-11,01:33:31,66007,devolucion,12
2020-06-02,10:59:28,47071,venta,44
2020-04-05,22:07:50,43924,devolucion,92
2020-06-10,11:32:43,04224,venta,25
2020-02-14,23:47:52,94806,venta,72
2020-03-10,09:14:04,75898,devolucion,64
2020-02-15,24:16:08,85371,devolucion,23
2020-05-30,07:12:38,74490,venta,52
2020-04-09,19:04:35,58006,venta,88
2020-02-15,03:37:23,50092,venta,16
2020-01-24,21:16:12,83818,devolucion,61
2020-05-20,09:12:24,48371,venta,44
2020-05-11,09:05:21,57522,venta,13
2020-05-20,01:33:28,07648,devolucion,97
2020-05-03,04:46:53,58826,venta,8
2020-02-26,11:20:05,68476,venta,17
2020-01-01,08:56:32,00978,venta,13
2020-01-15,11:37:15,69220,devolucion,30
2020-04-19,02:57:15,06353,venta,81
2020-02-08,14:36:12,39424,devolucion,92
2020-03-24,05:39:23,49419,venta,26
2020-04-22,22:50:42,50495,devolucion,5
2020-01-10,03:08:32,83892,devolucion,58
2020-02-11,22:25:13,71038,devolucion,36
2020-06-01,22:08:19,44884,devolucion,77
2020-05-29,08:12:54,21897,devolucion,77
2020-04-05,06:06:21,76479,venta,19
2020-02-05,15:45:39,35861,devolucion,37
2020-01-01,24:47:01,90195,devolucion,69
2020-02-23,15:28:55,14139,devolucion,95
2020-03-30,07:08:28,60867,venta,59
2020-02-17,24:07:54,28322,devolucion,26
2020-03-09,18:27:41,97555,venta,63
2020-03-11,18:52:59,63394,devolucion,19
2020-03-15,02:30:37,55790,venta,29
2020-01-11,03:43:50,37738,venta,32
2020-03-27,12:36:56,43661,devolucion,12
2020-03-13,07:33:32,65569,devolucion,3
2020-05-17,13:33:25,84363,devolucion,92
2020-03-24,08:30:52,10815,venta,4
2020-06-11,08:48:04,30657,devolucion,79
2020-02-29,14:58:28,92964,devolucion,37
2020-03-06,06:59:04,00031,venta,30
2020-02-04,01:54:52,32665,venta,15
2020-04-22,14:50:18,59727,devolucion,29
2020-03-22,15:27:08,00464,venta,50
2020-05-29,16:58:37,87527,devolucion,78
2020-01-06,15:46:28,08406,venta,49
2020-01-27,20:07:57,85893,venta,15
2020-04-21,08:45:29,94364,devolucion,68
2020-02-01,04:05:40,79144,venta,49
2020-02-24,05:09:54,73021,devolucion,74
2020-04-28,04:15:11,41814,venta,98
2020-04-07,22:13:46,70715,devolucion,40
2020-02-24,07:27:56,57420,devolucion,44
2020-02-27,17:22:27,44059,devolucion,97
2020-06-01,23:36:59,28668,devolucion,13
2020-01-04,15:41:52,91160,venta,28
2020-06-03,03:28:26,20676,devolucion,99
2020-04-16,07:23:15,58066,devolucion,87
2020-03-17,18:50:35,08799,venta,58
2020-03-04,23:31:38,39010,devolucion,76
2020-02-21,16:07:28,39083,devolucion,22
2020-03-24,14:09:21,20526,devolucion,4
2020-02-21,18:27:51,56684,venta,21
2020-01-22,07:16:31,75988,venta,7
2020-02-13,06:26:35,38664,devolucion,8
2020-04-28,16:02:50,64694,devolucion,48
2020-03-02,00:13:10,19097,venta,77
2020-05-13,00:43:40,24628,devolucion,79
2020-05-31,21:27:11,87544,devolucion,3
2020-04-19,18:28:27,92142,venta,58
2020-03-02,11:18:26,86885,devolucion,51
2020-04-27,05:58:47,93852,venta,47
2020-02-03,22:12:48,64190,devolucion,57
2020-06-05,07:22:05,13616,devolucion,72
2020-05-04,19:32:15,61464,devolucion,30
2020-05-18,09:02:01,09231,devolucion,97
2020-03-12,15:06:53,04671,devolucion,30
2020-03-09,11:43:22,79458,devolucion,96
2020-02-14,00:42:32,65562,devolucion,21
2020-04-18,11:58:29,12425,venta,38
2020-06-05,18:25:50,45613,devolucion,8
2020-02-19,22:05:15,78106,venta,76
2020-05-08,08:40:23,10404,venta,82
2020-02-17,24:04:55,56510,devolucion,17
2020-01-05,00:51:08,90087,devolucion,53
2020-05-16,17:35:46,27696,devolucion,66
2020-03-24,11:36:14,79116,devolucion,67
2020-05-14,23:48:05,33013,devolucion,88
2020-01-11,10:44:43,35360,venta,28
2020-01-10,11:38:45,32137,venta,97
2020-05-13,19:34:20,20235,devolucion,2
2020-03-29,18:44:47,84389,venta,78
2020-04-08,19:00:06,43361,venta,53
2020-04-27,05:40:15,08043,devolucion,42
2020-05-18,02:40:53,69744,venta,21
2020-06-10,23:46:33,65941,devolucion,33
2020-03-19,04:05:04,46594,devolucion,26
2020-05-31,23:12:05,80915,venta,71
2020-04-03,20:36:04,18428,devolucion,19
2020-06-13,04:08:08,82525,devolucion,5
2020-04-30,17:30:37,96478,venta,98
2020-03-20,01:20:35,90729,devolucion,14
2020-03-24,10:52:53,17962,devolucion,4
2020-02-03,07:03:21,59255,venta,34
2020-03-06,18:29:28,97527,devolucion,61
2020-04-29,12:43:08,88001,venta,2
2020-02-18,17:34:10,25600,venta,95
2020-01-03,06:59:20,98462,devolucion,15
2020-05-25,02:48:17,53687,venta,81
2020-06-06,09:54:58,20534,devolucion,76
2020-01-18,17:38:23,28758,devolucion,22
2020-01-12,14:14:31,17320,venta,15
2020-06-07,11:56:52,13864,venta,46
2020-02-15,05:45:16,30389,venta,25
2020-01-14,13:43:18,95034,venta,65
2020-03-16,16:59:24,78995,venta,48
2020-01-28,09:58:53,20161,devolucion,63
2020-04-14,12:42:15,32034,devolucion,32
2020-03-11,17:56:14,94324,devolucion,1
2020-01-10,02:50:06,52915,venta,43
2020-06-12,02:29:28,48915,devolucion,100
2020-02-27,23:10:44,64774,venta,33
2020-05-19,00:29:41,44534,devolucion,60
2020-03-03,03:06:21,33638,devolucion,15
2020-03-15,10:40:58,94473,devolucion,49
2020-06-12,02:52:09,96352,devolucion,53
2020-01-02,21:54:53,32952,devolucion,40
2020-05-23,24:22:30,12499,devolucion,17
2020-05-21,04:13:25,40454,devolucion,58
2020-02-18,05:35:23,84958,devolucion,10
2020-03-24,17:36:41,25815,devolucion,59
2020-04-15,13:07:36,82148,venta,82
2020-03-12,20:28:21,70548,devolucion,40
2020-04-06,12:34:03,59617,devolucion,39
2020-06-01,05:56:34,09322,venta,29
2020-03-18,08:55:10,77850,venta,13
2020-02-23,09:38:13,16194,devolucion,2
2020-05-11,13:09:21,21588,venta,80
2020-02-26,12:39:55,37692,devolucion,39
2020-05-21,14:40:40,96148,devolucion,25
2020-02-04,07:10:49,81519,venta,84
2020-01-15,03:27:01,48066,devolucion,17
2020-06-07,22:16:55,52105,venta,97
2020-05-01,16:34:02,96484,devolucion,25
2020-05-23,14:21:11,79537,venta,38
2020-03-09,11:46:55,74122,venta,31
2020-05-08,07:04:15,63797,venta,32
2020-06-01,03:24:53,74045,devolucion,57
2020-03-09,04:41:46,10555,devolucion,53
2020-02-21,23:49:57,15851,venta,71
2020-01-25,05:21:48,01150,devolucion,87
2020-04-12,21:10:12,88637,venta,54
2020-03-02,12:53:41,01620,devolucion,52
2020-06-07,16:28:26,74703,devolucion,58
2020-02-03,16:30:57,83777,devolucion,2
2020-04-03,23:37:39,97740,venta,39
2020-03-30,22:41:01,78030,devolucion,86
2020-03-10,21:09:06,60152,venta,66
2020-04-16,14:08:59,02354,venta,50
2020-04-22,02:42:06,34575,devolucion,10
2020-03-29,20:42:00,73377,venta,14
2020-02-21,05:23:30,81184,devolucion,69
2020-04-02,20:59:45,95773,venta,44
2020-06-13,05:39:09,10022,venta,95
2020-05-03,17:44:51,79488,venta,42
2020-04-12,24:30:46,04019,devolucion,66
2020-04-29,06:34:17,70834,venta,49
2020-01-13,05:43:29,49690,venta,72
2020-05-02,10:06:22,27886,venta,76
2020-04-13,00:22:58,61494,venta,37
2020-05-06,12:09:43,94731,devolucion,11
2020-03-25,13:50:41,46809,devolucion,25
2020-04-22,09:04:39,09490,venta,33
2020-06-03,09:26:13,90724,venta,8
2020-03-18,13:09:24,88195,devolucion,87
2020-04-02,16:06:27,66641,venta,37
2020-05-17,24:13:59,98601,devolucion,28
2020-02-15,18:25:08,20464,venta,87
2020-05-22,24:22:42,75494,venta,36
2020-01-12,06:43:39,77642,devolucion,74
2020-06-03,24:56:34,75966,venta,78
2020-03-07,13:44:52,59003,devolucion,2
2020-01-12,04:09:59,54563,venta,22
2020-05-05,05:13:53,55146,devolucion,100
2020-03-21,02:11:28,94268,devolucion,51
2020-04-15,07:28:35,79628,devolucion,82
2020-01-30,09:03:57,47378,venta,29
2020-03-13,00:02:00,46599,venta,50
2020-01-30,14:17:56,29143,venta,36
2020-02-19,12:20:20,39297,devolucion,41
2020-06-17,00:38:49,46068,venta,88
2020-05-21,04:00:35,37233,devolucion,55
2020-04-03,17:32:53,06409,devolucion,93
2020-05-05,08:31:02,78215,devolucion,49
2020-06-07,02:05:28,54489,devolucion,71
2020-01-09,16:28:18,16047,devolucion,17
2020-01-08,06:34:17,56826,devolucion,97
2020-01-12,11:53:16,67299,venta,16
2020-04-16,15:53:09,14544,venta,85
2020-02-05,10:04:46,83459,venta,11
2020-04-26,23:26:02,38585,devolucion,55
2020-04-02,03:18:38,06627,devolucion,64
2020-04-11,21:10:42,12833,venta,55
2020-04-08,03:58:57,95892,devolucion,77
2020-05-15,15:38:28,36719,devolucion,44
2020-06-07,00:20:55,67141,devolucion,22
2020-04-12,01:45:07,08838,devolucion,86
2020-03-14,21:10:29,52375,devolucion,93
2020-02-09,16:06:37,35412,devolucion,99
2020-05-03,14:30:17,77219,venta,71
2020-06-12,05:35:09,16274,venta,71
2020-02-10,20:17:05,50722,venta,96
2020-05-22,12:24:30,48166,venta,27
2020-01-23,16:30:32,78375,venta,13
2020-02-05,08:44:14,55286,venta,99
2020-02-05,21:39:33,00743,venta,34
2020-02-26,10:07:09,06192,venta,7
2020-02-17,13:36:15,36971,devolucion,18
2020-02-14,24:16:58,28303,venta,53
2020-05-09,20:10:05,36664,devolucion,29
2020-04-23,21:50:45,43864,venta,29
2020-01-17,20:23:38,44193,venta,22
2020-01-03,07:46:11,79012,devolucion,83
2020-05-30,06:53:32,79284,devolucion,33
2020-05-11,17:56:46,94558,venta,65
2020-04-05,13:43:03,67859,venta,67
2020-01-11,24:20:57,49730,venta,41
2020-03-12,11:50:34,98663,venta,72
2020-06-04,09:18:54,94556,devolucion,42
2020-04-03,18:02:27,86428,venta,19
2020-01-01,10:21:25,35600,venta,66
2020-02-15,11:32:13,70397,venta,85
2020-05-21,22:07:36,20086,devolucion,28
2020-05-22,04:47:38,50388,venta,95
2020-01-03,09:39:06,30340,devolucion,8
2020-05-08,13:29:53,48530,venta,78
2020-03-22,06:01:22,12553,venta,1
2020-02-02,09:35:43,49196,venta,56
2020-02-10,23:59:26,03439,venta,34
2020-01-21,14:05:20,39308,venta,87
2020-03-02,06:02:55,09373,venta,3
2020-04-20,15:25:23,45674,devolucion,87
2020-01-22,11:53:05,04595,venta,77
2020-02-04,18:06:06,70040,devolucion,21
2020-06-15,24:41:52,99062,venta,8
2020-05-21,15:16:18,55130,devolucion,53
2020-02-25,04:02:23,20474,venta,52
2020-04-19,18:28:56,95617,devolucion,44
2020-02-10,13:25:33,11972,devolucion,92
2020-02-19,14:01:39,14032,devolucion,74
2020-03-19,21:04:03,38752,devolucion,73
2020-05-29,04:03:48,49993,venta,76
2020-06-17,16:48:18,97224,venta,91
2020-06-11,17:17:07,93791,venta,80
2020-01-02,05:17:57,09596,devolucion,79
2020-06-12,05:09:09,78137,venta,63
2020-02-08,04:19:41,00021,devolucion,57
2020-02-22,04:17:10,33446,venta,65
2020-03-07,03:04:10,32394,devolucion,14
2020-04-24,00:13:37,71817,devolucion,67
2020-05-21,24:43:33,76551,devolucion,64
2020-01-29,21:00:44,76751,venta,8
2020-02-26,07:35:40,63013,devolucion,14
2020-01-30,02:33:13,54785,devolucion,13
2020-03-26,02:26:23,27707,devolucion,48
2020-04-17,16:12:56,58131,devolucion,83
2020-05-21,03:03:01,41326,venta,4
2020-02-04,19:11:46,21281,venta,54
2020-03-20,12:39:49,80497,devolucion,63
2020-01-04,22:37:59,49991,venta,77
2020-01-18,03:10:15,94154,devolucion,35
2020-03-15,24:24:34,74899,devolucion,29
2020-05-27,10:58:45,86472,devolucion,12
2020-05-01,06:22:11,03599,venta,75
2020-05-22,08:50:04,27038,venta,4
2020-03-13,12:11:46,64685,devolucion,27
2020-04-18,00:47:11,89209,devolucion,26
2020-03-25,14:26:25,95219,devolucion,38
2020-05-18,23:21:14,36509,devolucion,96
2020-01-12,04:11:21,90408,venta,75
2020-03-20,24:03:51,50065,venta,41
2020-06-07,21:48:56,42872,venta,47
2020-02-06,08:47:51,58381,devolucion,91
2020-01-02,18:45:27,36221,devolucion,44
2020-04-23,22:50:25,36586,devolucion,29
2020-05-22,15:09:06,48137,devolucion,86
2020-02-19,05:12:48,81267,devolucion,14
2020-02-27,19:48:47,63085,venta,45
2020-05-12,23:22:31,95390,venta,9
2020-01-30,11:41:37,82469,venta,53
2020-05-01,08:46:39,69775,venta,24
2020-05-15,14:15:52,79072,venta,23
2020-01-06,01:45:11,80143,venta,9
2020-04-28,02:31:22,77333,venta,97
2020-05-01,14:30:32,33870,devolucion,98
2020-04-20,02:37:19,83856,venta,44
2020-05-08,02:01:16,68819,venta,79
2020-05-08,22:40:50,83553,devolucion,32
2020-04-04,24:22:46,44040,devolucion,52
2020-05-23,00:49:57,18193,devolucion,38
2020-04-30,04:58:54,36528,devolucion,23
2020-01-31,11:03:39,85814,devolucion,68
2020-03-12,11:56:24,80258,devolucion,90
2020-03-20,11:34:08,99096,devolucion,49
2020-05-25,02:59:07,36015,venta,27
2020-04-28,23:05:54,06964,devolucion,96
2020-01-09,11:05:37,10397,venta,25
2020-04-17,10:38:52,18792,venta,65
2020-05-19,02:15:23,64500,devolucion,47
2020-01-08,17:36:57,99960,devolucion,50
2020-06-05,08:58:30,52536,devolucion,93
2020-05-01,14:35:59,01363,devolucion,75
2020-01-11,09:21:02,68158,venta,43
2020-01-08,03:17:27,18077,devolucion,84
2020-01-17,12:35:49,82418,devolucion,93
2020-04-14,06:43:40,34467,venta,71
2020-05-13,04:00:53,60670,devolucion,88
2020-04-20,05:01:40,23701,venta,61
2020-02-27,02:47:09,52277,venta,79
2020-04-19,03:26:47,86618,devolucion,41
2020-03-15,08:10:44,69892,venta,66
2020-03-07,08:38:52,60989,devolucion,100
2020-04-20,10:50:13,09792,devolucion,63
2020-05-22,20:46:13,30466,venta,71
2020-03-20,07:29:19,51909,devolucion,42
2020-03-20,23:50:53,69708,devolucion,89
2020-05-01,12:57:34,88039,venta,24
2020-02-09,00:54:10,81456,venta,48
2020-03-01,09:46:43,35905,devolucion,29
2020-03-26,19:59:20,27958,devolucion,48
2020-02-25,15:31:24,05534,devolucion,78
2020-05-11,13:50:17,23717,venta,90
2020-03-14,02:04:27,53695,devolucion,54
2020-03-18,16:53:24,31393,venta,52
2020-05-08,03:41:17,30526,venta,86
2020-02-09,17:46:17,51114,devolucion,82
2020-01-30,23:43:04,31846,venta,58
2020-02-24,18:25:20,08509,devolucion,60
2020-03-06,13:40:48,87686,devolucion,85
2020-05-04,16:55:40,04064,venta,87
2020-03-15,24:11:40,25767,venta,35
2020-02-02,02:56:54,62914,venta,88
2020-04-07,19:01:59,93810,devolucion,74
2020-02-15,22:41:20,59279,venta,89
2020-03-18,24:30:10,15316,devolucion,16
2020-03-25,03:48:06,37226,venta,23
2020-03-15,21:35:14,25580,devolucion,14
2020-05-17,15:39:03,39853,devolucion,85
2020-05-08,14:45:20,96158,venta,20
2020-04-22,15:20:46,01180,venta,32
2020-01-24,09:38:01,98543,devolucion,70
2020-02-19,19:00:28,33694,venta,56
2020-05-05,17:23:19,46591,devolucion,94
2020-01-22,20:46:08,19332,venta,10
2020-03-13,11:58:05,00940,venta,69
2020-01-24,02:52:15,26828,devolucion,98
2020-03-26,11:02:31,96516,venta,77
2020-01-14,06:19:04,28571,devolucion,47
2020-01-08,20:29:35,31029,devolucion,79
